name,image,mask,intacto,menor,mayor,destruido
moore-tornado_00000000_post_disaster,dataset\xbd\tier3\images\moore-tornado_00000000_post_disaster.png,dataset\xbd_masks\moore-tornado_00000000_post_disaster.png,90681,0,0,0
moore-tornado_00000002_post_disaster,dataset\xbd\tier3\images\moore-tornado_00000002_post_disaster.png,dataset\xbd_masks\moore-tornado_00000002_post_disaster.png,11250,0,0,0
moore-tornado_00000003_post_disaster,dataset\xbd\tier3\images\moore-tornado_00000003_post_disaster.png,dataset\xbd_masks\moore-tornado_00000003_post_disaster.png,119954,17575,9488,8914
moore-tornado_00000004_post_disaster,dataset\xbd\tier3\images\moore-tornado_00000004_post_disaster.png,dataset\xbd_masks\moore-tornado_00000004_post_disaster.png,105,0,0,0
moore-tornado_00000005_post_disaster,dataset\xbd\tier3\images\moore-tornado_00000005_post_disaster.png,dataset\xbd_masks\moore-tornado_00000005_post_disaster.png,28836,0,0,0
moore-tornado_00000006_post_disaster,dataset\xbd\tier3\images\moore-tornado_00000006_post_disaster.png,dataset\xbd_masks\moore-tornado_00000006_post_disaster.png,134375,22065,6870,7857
moore-tornado_00000007_post_disaster,dataset\xbd\tier3\images\moore-tornado_00000007_post_disaster.png,dataset\xbd_masks\moore-tornado_00000007_post_disaster.png,176413,0,0,0
moore-tornado_00000008_post_disaster,dataset\xbd\tier3\images\moore-tornado_00000008_post_disaster.png,dataset\xbd_masks\moore-tornado_00000008_post_disaster.png,154926,14265,1263,0
moore-tornado_00000009_post_disaster,dataset\xbd\tier3\images\moore-tornado_00000009_post_disaster.png,dataset\xbd_masks\moore-tornado_00000009_post_disaster.png,253620,0,0,0
moore-tornado_00000010_post_disaster,dataset\xbd\tier3\images\moore-tornado_00000010_post_disaster.png,dataset\xbd_masks\moore-tornado_00000010_post_disaster.png,499,0,0,0
moore-tornado_00000011_post_disaster,dataset\xbd\tier3\images\moore-tornado_00000011_post_disaster.png,dataset\xbd_masks\moore-tornado_00000011_post_disaster.png,224329,0,0,0
moore-tornado_00000012_post_disaster,dataset\xbd\tier3\images\moore-tornado_00000012_post_disaster.png,dataset\xbd_masks\moore-tornado_00000012_post_disaster.png,136909,32688,1572,429
moore-tornado_00000013_post_disaster,dataset\xbd\tier3\images\moore-tornado_00000013_post_disaster.png,dataset\xbd_masks\moore-tornado_00000013_post_disaster.png,146241,7520,0,0
moore-tornado_00000014_post_disaster,dataset\xbd\tier3\images\moore-tornado_00000014_post_disaster.png,dataset\xbd_masks\moore-tornado_00000014_post_disaster.png,138929,0,0,0
moore-tornado_00000015_post_disaster,dataset\xbd\tier3\images\moore-tornado_00000015_post_disaster.png,dataset\xbd_masks\moore-tornado_00000015_post_disaster.png,252692,0,0,0
moore-tornado_00000016_post_disaster,dataset\xbd\tier3\images\moore-tornado_00000016_post_disaster.png,dataset\xbd_masks\moore-tornado_00000016_post_disaster.png,126327,27525,3962,7564
moore-tornado_00000017_post_disaster,dataset\xbd\tier3\images\moore-tornado_00000017_post_disaster.png,dataset\xbd_masks\moore-tornado_00000017_post_disaster.png,44960,31030,10926,9823
moore-tornado_00000018_post_disaster,dataset\xbd\tier3\images\moore-tornado_00000018_post_disaster.png,dataset\xbd_masks\moore-tornado_00000018_post_disaster.png,213770,0,0,0
moore-tornado_00000019_post_disaster,dataset\xbd\tier3\images\moore-tornado_00000019_post_disaster.png,dataset\xbd_masks\moore-tornado_00000019_post_disaster.png,262839,0,0,0
moore-tornado_00000020_post_disaster,dataset\xbd\tier3\images\moore-tornado_00000020_post_disaster.png,dataset\xbd_masks\moore-tornado_00000020_post_disaster.png,9093,0,0,0
moore-tornado_00000021_post_disaster,dataset\xbd\tier3\images\moore-tornado_00000021_post_disaster.png,dataset\xbd_masks\moore-tornado_00000021_post_disaster.png,74460,0,0,0
moore-tornado_00000022_post_disaster,dataset\xbd\tier3\images\moore-tornado_00000022_post_disaster.png,dataset\xbd_masks\moore-tornado_00000022_post_disaster.png,1074,12663,7704,35889
moore-tornado_00000023_post_disaster,dataset\xbd\tier3\images\moore-tornado_00000023_post_disaster.png,dataset\xbd_masks\moore-tornado_00000023_post_disaster.png,282911,2967,0,0
moore-tornado_00000024_post_disaster,dataset\xbd\tier3\images\moore-tornado_00000024_post_disaster.png,dataset\xbd_masks\moore-tornado_00000024_post_disaster.png,23287,0,0,0
moore-tornado_00000025_post_disaster,dataset\xbd\tier3\images\moore-tornado_00000025_post_disaster.png,dataset\xbd_masks\moore-tornado_00000025_post_disaster.png,35025,0,0,0
moore-tornado_00000026_post_disaster,dataset\xbd\tier3\images\moore-tornado_00000026_post_disaster.png,dataset\xbd_masks\moore-tornado_00000026_post_disaster.png,129692,0,0,0
moore-tornado_00000027_post_disaster,dataset\xbd\tier3\images\moore-tornado_00000027_post_disaster.png,dataset\xbd_masks\moore-tornado_00000027_post_disaster.png,57451,82329,41742,48553
moore-tornado_00000028_post_disaster,dataset\xbd\tier3\images\moore-tornado_00000028_post_disaster.png,dataset\xbd_masks\moore-tornado_00000028_post_disaster.png,13191,0,0,0
moore-tornado_00000029_post_disaster,dataset\xbd\tier3\images\moore-tornado_00000029_post_disaster.png,dataset\xbd_masks\moore-tornado_00000029_post_disaster.png,9148,3879,15995,22369
moore-tornado_00000030_post_disaster,dataset\xbd\tier3\images\moore-tornado_00000030_post_disaster.png,dataset\xbd_masks\moore-tornado_00000030_post_disaster.png,55920,0,0,0
moore-tornado_00000031_post_disaster,dataset\xbd\tier3\images\moore-tornado_00000031_post_disaster.png,dataset\xbd_masks\moore-tornado_00000031_post_disaster.png,240615,0,0,0
moore-tornado_00000032_post_disaster,dataset\xbd\tier3\images\moore-tornado_00000032_post_disaster.png,dataset\xbd_masks\moore-tornado_00000032_post_disaster.png,24066,0,0,0
moore-tornado_00000033_post_disaster,dataset\xbd\tier3\images\moore-tornado_00000033_post_disaster.png,dataset\xbd_masks\moore-tornado_00000033_post_disaster.png,99382,10221,15393,28633
moore-tornado_00000034_post_disaster,dataset\xbd\tier3\images\moore-tornado_00000034_post_disaster.png,dataset\xbd_masks\moore-tornado_00000034_post_disaster.png,3743,0,0,0
moore-tornado_00000035_post_disaster,dataset\xbd\tier3\images\moore-tornado_00000035_post_disaster.png,dataset\xbd_masks\moore-tornado_00000035_post_disaster.png,51357,24916,16195,51001
moore-tornado_00000036_post_disaster,dataset\xbd\tier3\images\moore-tornado_00000036_post_disaster.png,dataset\xbd_masks\moore-tornado_00000036_post_disaster.png,6444,0,0,53528
moore-tornado_00000037_post_disaster,dataset\xbd\tier3\images\moore-tornado_00000037_post_disaster.png,dataset\xbd_masks\moore-tornado_00000037_post_disaster.png,14464,0,0,0
moore-tornado_00000038_post_disaster,dataset\xbd\tier3\images\moore-tornado_00000038_post_disaster.png,dataset\xbd_masks\moore-tornado_00000038_post_disaster.png,145640,0,0,0
moore-tornado_00000039_post_disaster,dataset\xbd\tier3\images\moore-tornado_00000039_post_disaster.png,dataset\xbd_masks\moore-tornado_00000039_post_disaster.png,114982,0,0,0
moore-tornado_00000040_post_disaster,dataset\xbd\tier3\images\moore-tornado_00000040_post_disaster.png,dataset\xbd_masks\moore-tornado_00000040_post_disaster.png,1980,0,0,0
moore-tornado_00000041_post_disaster,dataset\xbd\tier3\images\moore-tornado_00000041_post_disaster.png,dataset\xbd_masks\moore-tornado_00000041_post_disaster.png,29206,0,0,0
moore-tornado_00000042_post_disaster,dataset\xbd\tier3\images\moore-tornado_00000042_post_disaster.png,dataset\xbd_masks\moore-tornado_00000042_post_disaster.png,45622,43173,14081,16206
moore-tornado_00000043_post_disaster,dataset\xbd\tier3\images\moore-tornado_00000043_post_disaster.png,dataset\xbd_masks\moore-tornado_00000043_post_disaster.png,17173,3647,6064,24025
moore-tornado_00000044_post_disaster,dataset\xbd\tier3\images\moore-tornado_00000044_post_disaster.png,dataset\xbd_masks\moore-tornado_00000044_post_disaster.png,24821,0,0,0
moore-tornado_00000045_post_disaster,dataset\xbd\tier3\images\moore-tornado_00000045_post_disaster.png,dataset\xbd_masks\moore-tornado_00000045_post_disaster.png,3076,24991,54401,110514
moore-tornado_00000046_post_disaster,dataset\xbd\tier3\images\moore-tornado_00000046_post_disaster.png,dataset\xbd_masks\moore-tornado_00000046_post_disaster.png,198061,0,0,0
moore-tornado_00000047_post_disaster,dataset\xbd\tier3\images\moore-tornado_00000047_post_disaster.png,dataset\xbd_masks\moore-tornado_00000047_post_disaster.png,174896,0,0,0
moore-tornado_00000048_post_disaster,dataset\xbd\tier3\images\moore-tornado_00000048_post_disaster.png,dataset\xbd_masks\moore-tornado_00000048_post_disaster.png,73541,11480,3894,10390
moore-tornado_00000049_post_disaster,dataset\xbd\tier3\images\moore-tornado_00000049_post_disaster.png,dataset\xbd_masks\moore-tornado_00000049_post_disaster.png,2835,0,0,0
moore-tornado_00000050_post_disaster,dataset\xbd\tier3\images\moore-tornado_00000050_post_disaster.png,dataset\xbd_masks\moore-tornado_00000050_post_disaster.png,69533,50875,12460,40162
moore-tornado_00000051_post_disaster,dataset\xbd\tier3\images\moore-tornado_00000051_post_disaster.png,dataset\xbd_masks\moore-tornado_00000051_post_disaster.png,20516,33642,27480,183449
moore-tornado_00000052_post_disaster,dataset\xbd\tier3\images\moore-tornado_00000052_post_disaster.png,dataset\xbd_masks\moore-tornado_00000052_post_disaster.png,92483,0,0,0
moore-tornado_00000053_post_disaster,dataset\xbd\tier3\images\moore-tornado_00000053_post_disaster.png,dataset\xbd_masks\moore-tornado_00000053_post_disaster.png,85384,0,0,1656
moore-tornado_00000054_post_disaster,dataset\xbd\tier3\images\moore-tornado_00000054_post_disaster.png,dataset\xbd_masks\moore-tornado_00000054_post_disaster.png,218478,0,0,0
moore-tornado_00000055_post_disaster,dataset\xbd\tier3\images\moore-tornado_00000055_post_disaster.png,dataset\xbd_masks\moore-tornado_00000055_post_disaster.png,163272,0,0,0
moore-tornado_00000056_post_disaster,dataset\xbd\tier3\images\moore-tornado_00000056_post_disaster.png,dataset\xbd_masks\moore-tornado_00000056_post_disaster.png,149669,38131,13259,46329
moore-tornado_00000057_post_disaster,dataset\xbd\tier3\images\moore-tornado_00000057_post_disaster.png,dataset\xbd_masks\moore-tornado_00000057_post_disaster.png,11530,23097,61144,139071
moore-tornado_00000058_post_disaster,dataset\xbd\tier3\images\moore-tornado_00000058_post_disaster.png,dataset\xbd_masks\moore-tornado_00000058_post_disaster.png,94465,0,0,0
moore-tornado_00000059_post_disaster,dataset\xbd\tier3\images\moore-tornado_00000059_post_disaster.png,dataset\xbd_masks\moore-tornado_00000059_post_disaster.png,3018,0,0,0
moore-tornado_00000060_post_disaster,dataset\xbd\tier3\images\moore-tornado_00000060_post_disaster.png,dataset\xbd_masks\moore-tornado_00000060_post_disaster.png,46247,0,0,0
moore-tornado_00000062_post_disaster,dataset\xbd\tier3\images\moore-tornado_00000062_post_disaster.png,dataset\xbd_masks\moore-tornado_00000062_post_disaster.png,31834,0,0,0
moore-tornado_00000063_post_disaster,dataset\xbd\tier3\images\moore-tornado_00000063_post_disaster.png,dataset\xbd_masks\moore-tornado_00000063_post_disaster.png,20764,4458,4453,2090
moore-tornado_00000064_post_disaster,dataset\xbd\tier3\images\moore-tornado_00000064_post_disaster.png,dataset\xbd_masks\moore-tornado_00000064_post_disaster.png,287662,0,0,0
moore-tornado_00000065_post_disaster,dataset\xbd\tier3\images\moore-tornado_00000065_post_disaster.png,dataset\xbd_masks\moore-tornado_00000065_post_disaster.png,120296,0,0,0
moore-tornado_00000066_post_disaster,dataset\xbd\tier3\images\moore-tornado_00000066_post_disaster.png,dataset\xbd_masks\moore-tornado_00000066_post_disaster.png,66238,0,0,0
moore-tornado_00000067_post_disaster,dataset\xbd\tier3\images\moore-tornado_00000067_post_disaster.png,dataset\xbd_masks\moore-tornado_00000067_post_disaster.png,34126,51808,25726,24372
moore-tornado_00000068_post_disaster,dataset\xbd\tier3\images\moore-tornado_00000068_post_disaster.png,dataset\xbd_masks\moore-tornado_00000068_post_disaster.png,123032,0,0,0
moore-tornado_00000070_post_disaster,dataset\xbd\tier3\images\moore-tornado_00000070_post_disaster.png,dataset\xbd_masks\moore-tornado_00000070_post_disaster.png,21876,0,0,0
moore-tornado_00000071_post_disaster,dataset\xbd\tier3\images\moore-tornado_00000071_post_disaster.png,dataset\xbd_masks\moore-tornado_00000071_post_disaster.png,22858,0,0,406
moore-tornado_00000072_post_disaster,dataset\xbd\tier3\images\moore-tornado_00000072_post_disaster.png,dataset\xbd_masks\moore-tornado_00000072_post_disaster.png,37979,0,0,0
moore-tornado_00000073_post_disaster,dataset\xbd\tier3\images\moore-tornado_00000073_post_disaster.png,dataset\xbd_masks\moore-tornado_00000073_post_disaster.png,55144,0,0,0
moore-tornado_00000074_post_disaster,dataset\xbd\tier3\images\moore-tornado_00000074_post_disaster.png,dataset\xbd_masks\moore-tornado_00000074_post_disaster.png,86537,8587,2348,0
moore-tornado_00000075_post_disaster,dataset\xbd\tier3\images\moore-tornado_00000075_post_disaster.png,dataset\xbd_masks\moore-tornado_00000075_post_disaster.png,101142,0,0,0
moore-tornado_00000076_post_disaster,dataset\xbd\tier3\images\moore-tornado_00000076_post_disaster.png,dataset\xbd_masks\moore-tornado_00000076_post_disaster.png,166995,0,0,0
moore-tornado_00000077_post_disaster,dataset\xbd\tier3\images\moore-tornado_00000077_post_disaster.png,dataset\xbd_masks\moore-tornado_00000077_post_disaster.png,20018,0,0,0
moore-tornado_00000078_post_disaster,dataset\xbd\tier3\images\moore-tornado_00000078_post_disaster.png,dataset\xbd_masks\moore-tornado_00000078_post_disaster.png,28713,0,0,0
moore-tornado_00000079_post_disaster,dataset\xbd\tier3\images\moore-tornado_00000079_post_disaster.png,dataset\xbd_masks\moore-tornado_00000079_post_disaster.png,33039,0,0,0
moore-tornado_00000080_post_disaster,dataset\xbd\tier3\images\moore-tornado_00000080_post_disaster.png,dataset\xbd_masks\moore-tornado_00000080_post_disaster.png,112287,0,0,0
moore-tornado_00000081_post_disaster,dataset\xbd\tier3\images\moore-tornado_00000081_post_disaster.png,dataset\xbd_masks\moore-tornado_00000081_post_disaster.png,150178,0,0,0
moore-tornado_00000083_post_disaster,dataset\xbd\tier3\images\moore-tornado_00000083_post_disaster.png,dataset\xbd_masks\moore-tornado_00000083_post_disaster.png,5387,0,0,0
moore-tornado_00000084_post_disaster,dataset\xbd\tier3\images\moore-tornado_00000084_post_disaster.png,dataset\xbd_masks\moore-tornado_00000084_post_disaster.png,11372,0,0,0
moore-tornado_00000085_post_disaster,dataset\xbd\tier3\images\moore-tornado_00000085_post_disaster.png,dataset\xbd_masks\moore-tornado_00000085_post_disaster.png,136826,0,0,0
moore-tornado_00000086_post_disaster,dataset\xbd\tier3\images\moore-tornado_00000086_post_disaster.png,dataset\xbd_masks\moore-tornado_00000086_post_disaster.png,20779,0,0,0
moore-tornado_00000087_post_disaster,dataset\xbd\tier3\images\moore-tornado_00000087_post_disaster.png,dataset\xbd_masks\moore-tornado_00000087_post_disaster.png,65825,0,0,0
moore-tornado_00000089_post_disaster,dataset\xbd\tier3\images\moore-tornado_00000089_post_disaster.png,dataset\xbd_masks\moore-tornado_00000089_post_disaster.png,81663,0,0,0
moore-tornado_00000090_post_disaster,dataset\xbd\tier3\images\moore-tornado_00000090_post_disaster.png,dataset\xbd_masks\moore-tornado_00000090_post_disaster.png,187132,0,0,0
moore-tornado_00000091_post_disaster,dataset\xbd\tier3\images\moore-tornado_00000091_post_disaster.png,dataset\xbd_masks\moore-tornado_00000091_post_disaster.png,3694,4748,13681,8764
moore-tornado_00000092_post_disaster,dataset\xbd\tier3\images\moore-tornado_00000092_post_disaster.png,dataset\xbd_masks\moore-tornado_00000092_post_disaster.png,11240,0,0,0
moore-tornado_00000093_post_disaster,dataset\xbd\tier3\images\moore-tornado_00000093_post_disaster.png,dataset\xbd_masks\moore-tornado_00000093_post_disaster.png,99064,15086,14739,27053
moore-tornado_00000094_post_disaster,dataset\xbd\tier3\images\moore-tornado_00000094_post_disaster.png,dataset\xbd_masks\moore-tornado_00000094_post_disaster.png,0,0,0,540
moore-tornado_00000095_post_disaster,dataset\xbd\tier3\images\moore-tornado_00000095_post_disaster.png,dataset\xbd_masks\moore-tornado_00000095_post_disaster.png,227368,0,0,0
moore-tornado_00000096_post_disaster,dataset\xbd\tier3\images\moore-tornado_00000096_post_disaster.png,dataset\xbd_masks\moore-tornado_00000096_post_disaster.png,140581,0,0,0
moore-tornado_00000097_post_disaster,dataset\xbd\tier3\images\moore-tornado_00000097_post_disaster.png,dataset\xbd_masks\moore-tornado_00000097_post_disaster.png,72880,67100,0,211
moore-tornado_00000098_post_disaster,dataset\xbd\tier3\images\moore-tornado_00000098_post_disaster.png,dataset\xbd_masks\moore-tornado_00000098_post_disaster.png,132300,0,0,0
moore-tornado_00000099_post_disaster,dataset\xbd\tier3\images\moore-tornado_00000099_post_disaster.png,dataset\xbd_masks\moore-tornado_00000099_post_disaster.png,58590,0,0,0
moore-tornado_00000100_post_disaster,dataset\xbd\tier3\images\moore-tornado_00000100_post_disaster.png,dataset\xbd_masks\moore-tornado_00000100_post_disaster.png,20776,0,0,0
moore-tornado_00000101_post_disaster,dataset\xbd\tier3\images\moore-tornado_00000101_post_disaster.png,dataset\xbd_masks\moore-tornado_00000101_post_disaster.png,86359,9285,32155,0
moore-tornado_00000102_post_disaster,dataset\xbd\tier3\images\moore-tornado_00000102_post_disaster.png,dataset\xbd_masks\moore-tornado_00000102_post_disaster.png,257716,0,0,0
moore-tornado_00000103_post_disaster,dataset\xbd\tier3\images\moore-tornado_00000103_post_disaster.png,dataset\xbd_masks\moore-tornado_00000103_post_disaster.png,232966,0,0,0
moore-tornado_00000104_post_disaster,dataset\xbd\tier3\images\moore-tornado_00000104_post_disaster.png,dataset\xbd_masks\moore-tornado_00000104_post_disaster.png,189674,56757,11205,17792
moore-tornado_00000105_post_disaster,dataset\xbd\tier3\images\moore-tornado_00000105_post_disaster.png,dataset\xbd_masks\moore-tornado_00000105_post_disaster.png,247832,0,0,0
moore-tornado_00000106_post_disaster,dataset\xbd\tier3\images\moore-tornado_00000106_post_disaster.png,dataset\xbd_masks\moore-tornado_00000106_post_disaster.png,165920,0,0,0
moore-tornado_00000107_post_disaster,dataset\xbd\tier3\images\moore-tornado_00000107_post_disaster.png,dataset\xbd_masks\moore-tornado_00000107_post_disaster.png,95103,0,0,0
moore-tornado_00000108_post_disaster,dataset\xbd\tier3\images\moore-tornado_00000108_post_disaster.png,dataset\xbd_masks\moore-tornado_00000108_post_disaster.png,3656,0,0,343
moore-tornado_00000109_post_disaster,dataset\xbd\tier3\images\moore-tornado_00000109_post_disaster.png,dataset\xbd_masks\moore-tornado_00000109_post_disaster.png,146978,7566,0,0
moore-tornado_00000110_post_disaster,dataset\xbd\tier3\images\moore-tornado_00000110_post_disaster.png,dataset\xbd_masks\moore-tornado_00000110_post_disaster.png,43162,26328,20031,90379
moore-tornado_00000111_post_disaster,dataset\xbd\tier3\images\moore-tornado_00000111_post_disaster.png,dataset\xbd_masks\moore-tornado_00000111_post_disaster.png,243093,23871,0,0
moore-tornado_00000112_post_disaster,dataset\xbd\tier3\images\moore-tornado_00000112_post_disaster.png,dataset\xbd_masks\moore-tornado_00000112_post_disaster.png,118149,0,0,0
moore-tornado_00000113_post_disaster,dataset\xbd\tier3\images\moore-tornado_00000113_post_disaster.png,dataset\xbd_masks\moore-tornado_00000113_post_disaster.png,3897,0,0,0
moore-tornado_00000114_post_disaster,dataset\xbd\tier3\images\moore-tornado_00000114_post_disaster.png,dataset\xbd_masks\moore-tornado_00000114_post_disaster.png,310437,0,0,0
moore-tornado_00000115_post_disaster,dataset\xbd\tier3\images\moore-tornado_00000115_post_disaster.png,dataset\xbd_masks\moore-tornado_00000115_post_disaster.png,9791,6556,25227,163171
moore-tornado_00000116_post_disaster,dataset\xbd\tier3\images\moore-tornado_00000116_post_disaster.png,dataset\xbd_masks\moore-tornado_00000116_post_disaster.png,45290,0,0,0
moore-tornado_00000117_post_disaster,dataset\xbd\tier3\images\moore-tornado_00000117_post_disaster.png,dataset\xbd_masks\moore-tornado_00000117_post_disaster.png,5753,0,3166,0
moore-tornado_00000118_post_disaster,dataset\xbd\tier3\images\moore-tornado_00000118_post_disaster.png,dataset\xbd_masks\moore-tornado_00000118_post_disaster.png,90375,3586,0,0
moore-tornado_00000119_post_disaster,dataset\xbd\tier3\images\moore-tornado_00000119_post_disaster.png,dataset\xbd_masks\moore-tornado_00000119_post_disaster.png,222901,3039,0,0
moore-tornado_00000120_post_disaster,dataset\xbd\tier3\images\moore-tornado_00000120_post_disaster.png,dataset\xbd_masks\moore-tornado_00000120_post_disaster.png,0,3605,4658,25229
moore-tornado_00000121_post_disaster,dataset\xbd\tier3\images\moore-tornado_00000121_post_disaster.png,dataset\xbd_masks\moore-tornado_00000121_post_disaster.png,248198,0,0,0
moore-tornado_00000122_post_disaster,dataset\xbd\tier3\images\moore-tornado_00000122_post_disaster.png,dataset\xbd_masks\moore-tornado_00000122_post_disaster.png,81341,29165,19688,35186
moore-tornado_00000123_post_disaster,dataset\xbd\tier3\images\moore-tornado_00000123_post_disaster.png,dataset\xbd_masks\moore-tornado_00000123_post_disaster.png,26052,0,0,0
moore-tornado_00000124_post_disaster,dataset\xbd\tier3\images\moore-tornado_00000124_post_disaster.png,dataset\xbd_masks\moore-tornado_00000124_post_disaster.png,3577,0,0,0
moore-tornado_00000125_post_disaster,dataset\xbd\tier3\images\moore-tornado_00000125_post_disaster.png,dataset\xbd_masks\moore-tornado_00000125_post_disaster.png,116416,21900,10864,9820
moore-tornado_00000126_post_disaster,dataset\xbd\tier3\images\moore-tornado_00000126_post_disaster.png,dataset\xbd_masks\moore-tornado_00000126_post_disaster.png,5375,14753,2263,3070
moore-tornado_00000127_post_disaster,dataset\xbd\tier3\images\moore-tornado_00000127_post_disaster.png,dataset\xbd_masks\moore-tornado_00000127_post_disaster.png,205837,0,0,0
moore-tornado_00000128_post_disaster,dataset\xbd\tier3\images\moore-tornado_00000128_post_disaster.png,dataset\xbd_masks\moore-tornado_00000128_post_disaster.png,114024,0,0,0
moore-tornado_00000129_post_disaster,dataset\xbd\tier3\images\moore-tornado_00000129_post_disaster.png,dataset\xbd_masks\moore-tornado_00000129_post_disaster.png,201941,11695,0,874
moore-tornado_00000130_post_disaster,dataset\xbd\tier3\images\moore-tornado_00000130_post_disaster.png,dataset\xbd_masks\moore-tornado_00000130_post_disaster.png,27510,0,0,0
moore-tornado_00000131_post_disaster,dataset\xbd\tier3\images\moore-tornado_00000131_post_disaster.png,dataset\xbd_masks\moore-tornado_00000131_post_disaster.png,124091,0,0,0
moore-tornado_00000132_post_disaster,dataset\xbd\tier3\images\moore-tornado_00000132_post_disaster.png,dataset\xbd_masks\moore-tornado_00000132_post_disaster.png,80744,11512,7332,9269
moore-tornado_00000133_post_disaster,dataset\xbd\tier3\images\moore-tornado_00000133_post_disaster.png,dataset\xbd_masks\moore-tornado_00000133_post_disaster.png,3243,10867,9768,0
moore-tornado_00000134_post_disaster,dataset\xbd\tier3\images\moore-tornado_00000134_post_disaster.png,dataset\xbd_masks\moore-tornado_00000134_post_disaster.png,132357,0,0,0
moore-tornado_00000135_post_disaster,dataset\xbd\tier3\images\moore-tornado_00000135_post_disaster.png,dataset\xbd_masks\moore-tornado_00000135_post_disaster.png,11074,0,0,0
moore-tornado_00000136_post_disaster,dataset\xbd\tier3\images\moore-tornado_00000136_post_disaster.png,dataset\xbd_masks\moore-tornado_00000136_post_disaster.png,172857,2839,0,0
moore-tornado_00000137_post_disaster,dataset\xbd\tier3\images\moore-tornado_00000137_post_disaster.png,dataset\xbd_masks\moore-tornado_00000137_post_disaster.png,167349,0,0,0
moore-tornado_00000138_post_disaster,dataset\xbd\tier3\images\moore-tornado_00000138_post_disaster.png,dataset\xbd_masks\moore-tornado_00000138_post_disaster.png,29579,0,0,0
moore-tornado_00000139_post_disaster,dataset\xbd\tier3\images\moore-tornado_00000139_post_disaster.png,dataset\xbd_masks\moore-tornado_00000139_post_disaster.png,192030,0,0,0
moore-tornado_00000140_post_disaster,dataset\xbd\tier3\images\moore-tornado_00000140_post_disaster.png,dataset\xbd_masks\moore-tornado_00000140_post_disaster.png,100777,70381,33253,26946
moore-tornado_00000141_post_disaster,dataset\xbd\tier3\images\moore-tornado_00000141_post_disaster.png,dataset\xbd_masks\moore-tornado_00000141_post_disaster.png,145039,0,0,0
moore-tornado_00000142_post_disaster,dataset\xbd\tier3\images\moore-tornado_00000142_post_disaster.png,dataset\xbd_masks\moore-tornado_00000142_post_disaster.png,41059,0,0,0
moore-tornado_00000143_post_disaster,dataset\xbd\tier3\images\moore-tornado_00000143_post_disaster.png,dataset\xbd_masks\moore-tornado_00000143_post_disaster.png,68589,0,0,0
moore-tornado_00000144_post_disaster,dataset\xbd\tier3\images\moore-tornado_00000144_post_disaster.png,dataset\xbd_masks\moore-tornado_00000144_post_disaster.png,228752,0,0,0
moore-tornado_00000145_post_disaster,dataset\xbd\tier3\images\moore-tornado_00000145_post_disaster.png,dataset\xbd_masks\moore-tornado_00000145_post_disaster.png,160217,2118,0,0
moore-tornado_00000146_post_disaster,dataset\xbd\tier3\images\moore-tornado_00000146_post_disaster.png,dataset\xbd_masks\moore-tornado_00000146_post_disaster.png,12507,0,0,0
moore-tornado_00000147_post_disaster,dataset\xbd\tier3\images\moore-tornado_00000147_post_disaster.png,dataset\xbd_masks\moore-tornado_00000147_post_disaster.png,0,0,1680,23588
moore-tornado_00000148_post_disaster,dataset\xbd\tier3\images\moore-tornado_00000148_post_disaster.png,dataset\xbd_masks\moore-tornado_00000148_post_disaster.png,144270,0,0,0
moore-tornado_00000149_post_disaster,dataset\xbd\tier3\images\moore-tornado_00000149_post_disaster.png,dataset\xbd_masks\moore-tornado_00000149_post_disaster.png,244980,34236,16834,165
moore-tornado_00000150_post_disaster,dataset\xbd\tier3\images\moore-tornado_00000150_post_disaster.png,dataset\xbd_masks\moore-tornado_00000150_post_disaster.png,129781,0,0,0
moore-tornado_00000151_post_disaster,dataset\xbd\tier3\images\moore-tornado_00000151_post_disaster.png,dataset\xbd_masks\moore-tornado_00000151_post_disaster.png,252422,3630,0,0
moore-tornado_00000152_post_disaster,dataset\xbd\tier3\images\moore-tornado_00000152_post_disaster.png,dataset\xbd_masks\moore-tornado_00000152_post_disaster.png,0,0,0,29565
moore-tornado_00000153_post_disaster,dataset\xbd\tier3\images\moore-tornado_00000153_post_disaster.png,dataset\xbd_masks\moore-tornado_00000153_post_disaster.png,124213,0,0,0
moore-tornado_00000154_post_disaster,dataset\xbd\tier3\images\moore-tornado_00000154_post_disaster.png,dataset\xbd_masks\moore-tornado_00000154_post_disaster.png,3853,0,0,0
moore-tornado_00000155_post_disaster,dataset\xbd\tier3\images\moore-tornado_00000155_post_disaster.png,dataset\xbd_masks\moore-tornado_00000155_post_disaster.png,256771,20624,11903,0
moore-tornado_00000156_post_disaster,dataset\xbd\tier3\images\moore-tornado_00000156_post_disaster.png,dataset\xbd_masks\moore-tornado_00000156_post_disaster.png,10697,0,0,0
moore-tornado_00000157_post_disaster,dataset\xbd\tier3\images\moore-tornado_00000157_post_disaster.png,dataset\xbd_masks\moore-tornado_00000157_post_disaster.png,67762,0,0,0
moore-tornado_00000158_post_disaster,dataset\xbd\tier3\images\moore-tornado_00000158_post_disaster.png,dataset\xbd_masks\moore-tornado_00000158_post_disaster.png,171049,0,0,0
moore-tornado_00000159_post_disaster,dataset\xbd\tier3\images\moore-tornado_00000159_post_disaster.png,dataset\xbd_masks\moore-tornado_00000159_post_disaster.png,12575,6368,1358,14585
moore-tornado_00000160_post_disaster,dataset\xbd\tier3\images\moore-tornado_00000160_post_disaster.png,dataset\xbd_masks\moore-tornado_00000160_post_disaster.png,17825,0,0,0
moore-tornado_00000161_post_disaster,dataset\xbd\tier3\images\moore-tornado_00000161_post_disaster.png,dataset\xbd_masks\moore-tornado_00000161_post_disaster.png,19807,0,0,0
moore-tornado_00000162_post_disaster,dataset\xbd\tier3\images\moore-tornado_00000162_post_disaster.png,dataset\xbd_masks\moore-tornado_00000162_post_disaster.png,39227,46466,3307,0
moore-tornado_00000163_post_disaster,dataset\xbd\tier3\images\moore-tornado_00000163_post_disaster.png,dataset\xbd_masks\moore-tornado_00000163_post_disaster.png,2631,0,0,0
moore-tornado_00000164_post_disaster,dataset\xbd\tier3\images\moore-tornado_00000164_post_disaster.png,dataset\xbd_masks\moore-tornado_00000164_post_disaster.png,10336,14753,608,0
moore-tornado_00000165_post_disaster,dataset\xbd\tier3\images\moore-tornado_00000165_post_disaster.png,dataset\xbd_masks\moore-tornado_00000165_post_disaster.png,251783,0,0,0
moore-tornado_00000166_post_disaster,dataset\xbd\tier3\images\moore-tornado_00000166_post_disaster.png,dataset\xbd_masks\moore-tornado_00000166_post_disaster.png,5413,0,0,0
moore-tornado_00000167_post_disaster,dataset\xbd\tier3\images\moore-tornado_00000167_post_disaster.png,dataset\xbd_masks\moore-tornado_00000167_post_disaster.png,36579,0,0,0
moore-tornado_00000168_post_disaster,dataset\xbd\tier3\images\moore-tornado_00000168_post_disaster.png,dataset\xbd_masks\moore-tornado_00000168_post_disaster.png,31239,0,0,0
moore-tornado_00000169_post_disaster,dataset\xbd\tier3\images\moore-tornado_00000169_post_disaster.png,dataset\xbd_masks\moore-tornado_00000169_post_disaster.png,68231,21001,0,0
moore-tornado_00000170_post_disaster,dataset\xbd\tier3\images\moore-tornado_00000170_post_disaster.png,dataset\xbd_masks\moore-tornado_00000170_post_disaster.png,29793,6002,4461,8502
moore-tornado_00000171_post_disaster,dataset\xbd\tier3\images\moore-tornado_00000171_post_disaster.png,dataset\xbd_masks\moore-tornado_00000171_post_disaster.png,79731,0,0,0
moore-tornado_00000172_post_disaster,dataset\xbd\tier3\images\moore-tornado_00000172_post_disaster.png,dataset\xbd_masks\moore-tornado_00000172_post_disaster.png,134589,0,0,0
moore-tornado_00000173_post_disaster,dataset\xbd\tier3\images\moore-tornado_00000173_post_disaster.png,dataset\xbd_masks\moore-tornado_00000173_post_disaster.png,25446,0,0,0
moore-tornado_00000174_post_disaster,dataset\xbd\tier3\images\moore-tornado_00000174_post_disaster.png,dataset\xbd_masks\moore-tornado_00000174_post_disaster.png,2635,0,0,0
moore-tornado_00000175_post_disaster,dataset\xbd\tier3\images\moore-tornado_00000175_post_disaster.png,dataset\xbd_masks\moore-tornado_00000175_post_disaster.png,212363,0,0,0
moore-tornado_00000176_post_disaster,dataset\xbd\tier3\images\moore-tornado_00000176_post_disaster.png,dataset\xbd_masks\moore-tornado_00000176_post_disaster.png,135362,0,0,0
moore-tornado_00000177_post_disaster,dataset\xbd\tier3\images\moore-tornado_00000177_post_disaster.png,dataset\xbd_masks\moore-tornado_00000177_post_disaster.png,14448,0,0,0
moore-tornado_00000178_post_disaster,dataset\xbd\tier3\images\moore-tornado_00000178_post_disaster.png,dataset\xbd_masks\moore-tornado_00000178_post_disaster.png,31334,0,0,0
moore-tornado_00000179_post_disaster,dataset\xbd\tier3\images\moore-tornado_00000179_post_disaster.png,dataset\xbd_masks\moore-tornado_00000179_post_disaster.png,85,0,0,0
moore-tornado_00000180_post_disaster,dataset\xbd\tier3\images\moore-tornado_00000180_post_disaster.png,dataset\xbd_masks\moore-tornado_00000180_post_disaster.png,84596,0,0,0
moore-tornado_00000181_post_disaster,dataset\xbd\tier3\images\moore-tornado_00000181_post_disaster.png,dataset\xbd_masks\moore-tornado_00000181_post_disaster.png,122656,0,0,0
moore-tornado_00000182_post_disaster,dataset\xbd\tier3\images\moore-tornado_00000182_post_disaster.png,dataset\xbd_masks\moore-tornado_00000182_post_disaster.png,20077,0,0,0
moore-tornado_00000183_post_disaster,dataset\xbd\tier3\images\moore-tornado_00000183_post_disaster.png,dataset\xbd_masks\moore-tornado_00000183_post_disaster.png,115108,0,0,0
moore-tornado_00000184_post_disaster,dataset\xbd\tier3\images\moore-tornado_00000184_post_disaster.png,dataset\xbd_masks\moore-tornado_00000184_post_disaster.png,268896,0,0,0
moore-tornado_00000185_post_disaster,dataset\xbd\tier3\images\moore-tornado_00000185_post_disaster.png,dataset\xbd_masks\moore-tornado_00000185_post_disaster.png,270987,0,0,0
moore-tornado_00000186_post_disaster,dataset\xbd\tier3\images\moore-tornado_00000186_post_disaster.png,dataset\xbd_masks\moore-tornado_00000186_post_disaster.png,4962,0,0,0
moore-tornado_00000187_post_disaster,dataset\xbd\tier3\images\moore-tornado_00000187_post_disaster.png,dataset\xbd_masks\moore-tornado_00000187_post_disaster.png,197775,0,0,0
moore-tornado_00000188_post_disaster,dataset\xbd\tier3\images\moore-tornado_00000188_post_disaster.png,dataset\xbd_masks\moore-tornado_00000188_post_disaster.png,73950,0,0,0
moore-tornado_00000189_post_disaster,dataset\xbd\tier3\images\moore-tornado_00000189_post_disaster.png,dataset\xbd_masks\moore-tornado_00000189_post_disaster.png,255511,0,0,0
moore-tornado_00000190_post_disaster,dataset\xbd\tier3\images\moore-tornado_00000190_post_disaster.png,dataset\xbd_masks\moore-tornado_00000190_post_disaster.png,26192,0,0,0
moore-tornado_00000191_post_disaster,dataset\xbd\tier3\images\moore-tornado_00000191_post_disaster.png,dataset\xbd_masks\moore-tornado_00000191_post_disaster.png,135720,0,0,0
moore-tornado_00000192_post_disaster,dataset\xbd\tier3\images\moore-tornado_00000192_post_disaster.png,dataset\xbd_masks\moore-tornado_00000192_post_disaster.png,29314,0,0,0
moore-tornado_00000193_post_disaster,dataset\xbd\tier3\images\moore-tornado_00000193_post_disaster.png,dataset\xbd_masks\moore-tornado_00000193_post_disaster.png,166476,0,0,0
moore-tornado_00000194_post_disaster,dataset\xbd\tier3\images\moore-tornado_00000194_post_disaster.png,dataset\xbd_masks\moore-tornado_00000194_post_disaster.png,34460,0,0,0
moore-tornado_00000195_post_disaster,dataset\xbd\tier3\images\moore-tornado_00000195_post_disaster.png,dataset\xbd_masks\moore-tornado_00000195_post_disaster.png,51975,0,0,0
moore-tornado_00000196_post_disaster,dataset\xbd\tier3\images\moore-tornado_00000196_post_disaster.png,dataset\xbd_masks\moore-tornado_00000196_post_disaster.png,326152,0,0,0
moore-tornado_00000197_post_disaster,dataset\xbd\tier3\images\moore-tornado_00000197_post_disaster.png,dataset\xbd_masks\moore-tornado_00000197_post_disaster.png,16165,936,0,0
moore-tornado_00000198_post_disaster,dataset\xbd\tier3\images\moore-tornado_00000198_post_disaster.png,dataset\xbd_masks\moore-tornado_00000198_post_disaster.png,86013,0,0,0
moore-tornado_00000199_post_disaster,dataset\xbd\tier3\images\moore-tornado_00000199_post_disaster.png,dataset\xbd_masks\moore-tornado_00000199_post_disaster.png,284112,0,0,0
moore-tornado_00000200_post_disaster,dataset\xbd\tier3\images\moore-tornado_00000200_post_disaster.png,dataset\xbd_masks\moore-tornado_00000200_post_disaster.png,318284,0,0,0
moore-tornado_00000201_post_disaster,dataset\xbd\tier3\images\moore-tornado_00000201_post_disaster.png,dataset\xbd_masks\moore-tornado_00000201_post_disaster.png,24166,7678,694,686
moore-tornado_00000202_post_disaster,dataset\xbd\tier3\images\moore-tornado_00000202_post_disaster.png,dataset\xbd_masks\moore-tornado_00000202_post_disaster.png,168787,0,0,0
moore-tornado_00000203_post_disaster,dataset\xbd\tier3\images\moore-tornado_00000203_post_disaster.png,dataset\xbd_masks\moore-tornado_00000203_post_disaster.png,194575,1488,0,0
moore-tornado_00000204_post_disaster,dataset\xbd\tier3\images\moore-tornado_00000204_post_disaster.png,dataset\xbd_masks\moore-tornado_00000204_post_disaster.png,253810,0,0,0
moore-tornado_00000205_post_disaster,dataset\xbd\tier3\images\moore-tornado_00000205_post_disaster.png,dataset\xbd_masks\moore-tornado_00000205_post_disaster.png,99688,6981,0,0
moore-tornado_00000206_post_disaster,dataset\xbd\tier3\images\moore-tornado_00000206_post_disaster.png,dataset\xbd_masks\moore-tornado_00000206_post_disaster.png,130425,0,0,0
moore-tornado_00000207_post_disaster,dataset\xbd\tier3\images\moore-tornado_00000207_post_disaster.png,dataset\xbd_masks\moore-tornado_00000207_post_disaster.png,88119,0,0,0
moore-tornado_00000208_post_disaster,dataset\xbd\tier3\images\moore-tornado_00000208_post_disaster.png,dataset\xbd_masks\moore-tornado_00000208_post_disaster.png,224121,0,0,0
moore-tornado_00000209_post_disaster,dataset\xbd\tier3\images\moore-tornado_00000209_post_disaster.png,dataset\xbd_masks\moore-tornado_00000209_post_disaster.png,205662,12737,0,0
moore-tornado_00000210_post_disaster,dataset\xbd\tier3\images\moore-tornado_00000210_post_disaster.png,dataset\xbd_masks\moore-tornado_00000210_post_disaster.png,230284,0,0,0
moore-tornado_00000211_post_disaster,dataset\xbd\tier3\images\moore-tornado_00000211_post_disaster.png,dataset\xbd_masks\moore-tornado_00000211_post_disaster.png,85481,0,0,821
moore-tornado_00000212_post_disaster,dataset\xbd\tier3\images\moore-tornado_00000212_post_disaster.png,dataset\xbd_masks\moore-tornado_00000212_post_disaster.png,332154,14045,0,0
moore-tornado_00000213_post_disaster,dataset\xbd\tier3\images\moore-tornado_00000213_post_disaster.png,dataset\xbd_masks\moore-tornado_00000213_post_disaster.png,51846,0,5380,7884
moore-tornado_00000214_post_disaster,dataset\xbd\tier3\images\moore-tornado_00000214_post_disaster.png,dataset\xbd_masks\moore-tornado_00000214_post_disaster.png,197913,0,0,0
moore-tornado_00000215_post_disaster,dataset\xbd\tier3\images\moore-tornado_00000215_post_disaster.png,dataset\xbd_masks\moore-tornado_00000215_post_disaster.png,283757,1805,0,0
moore-tornado_00000216_post_disaster,dataset\xbd\tier3\images\moore-tornado_00000216_post_disaster.png,dataset\xbd_masks\moore-tornado_00000216_post_disaster.png,11776,0,1669,17599
moore-tornado_00000217_post_disaster,dataset\xbd\tier3\images\moore-tornado_00000217_post_disaster.png,dataset\xbd_masks\moore-tornado_00000217_post_disaster.png,146843,0,0,0
moore-tornado_00000218_post_disaster,dataset\xbd\tier3\images\moore-tornado_00000218_post_disaster.png,dataset\xbd_masks\moore-tornado_00000218_post_disaster.png,3734,1986,4633,12117
moore-tornado_00000219_post_disaster,dataset\xbd\tier3\images\moore-tornado_00000219_post_disaster.png,dataset\xbd_masks\moore-tornado_00000219_post_disaster.png,216415,0,0,0
moore-tornado_00000220_post_disaster,dataset\xbd\tier3\images\moore-tornado_00000220_post_disaster.png,dataset\xbd_masks\moore-tornado_00000220_post_disaster.png,443,0,0,0
moore-tornado_00000221_post_disaster,dataset\xbd\tier3\images\moore-tornado_00000221_post_disaster.png,dataset\xbd_masks\moore-tornado_00000221_post_disaster.png,147142,0,0,0
moore-tornado_00000222_post_disaster,dataset\xbd\tier3\images\moore-tornado_00000222_post_disaster.png,dataset\xbd_masks\moore-tornado_00000222_post_disaster.png,108850,0,0,0
moore-tornado_00000223_post_disaster,dataset\xbd\tier3\images\moore-tornado_00000223_post_disaster.png,dataset\xbd_masks\moore-tornado_00000223_post_disaster.png,2096,0,0,0
moore-tornado_00000224_post_disaster,dataset\xbd\tier3\images\moore-tornado_00000224_post_disaster.png,dataset\xbd_masks\moore-tornado_00000224_post_disaster.png,84514,0,0,0
moore-tornado_00000225_post_disaster,dataset\xbd\tier3\images\moore-tornado_00000225_post_disaster.png,dataset\xbd_masks\moore-tornado_00000225_post_disaster.png,70042,0,0,0
moore-tornado_00000226_post_disaster,dataset\xbd\tier3\images\moore-tornado_00000226_post_disaster.png,dataset\xbd_masks\moore-tornado_00000226_post_disaster.png,201,0,0,0
